{"101001T0_DTI": {}, "101001T1_DTI": {"cst_left": {"stream_count": 1995, "FA_DTI": 0.4919078546393067, "AD_DTI": 0.0012663946515775078, "MD_DTI": 0.0007922865863419537, "RD_DTI": 0.0005552325539052629, "frac_dmd": 0.5086031405464398, "FA": 0.7145142149453768, "MD": 0.0008300400807699957, "RD": 0.00038494223073129517, "AD": 0.001720235780847397, "fvf": 0.32888595410821947, "frac": 0.7035701025575589, "movement": 0.3, "snr": 18.729999542236328}, "cst_right": {"stream_count": 1985, "FA_DTI": 0.4200214564305487, "AD_DTI": 0.0013731407104954321, "MD_DTI": 0.000926474878909926, "RD_DTI": 0.0007031419648257381, "frac_dmd": 0.48853979215866183, "FA": 0.6453516998234304, "MD": 0.0009138217096723703, "RD": 0.0004908975409784467, "AD": 0.0017596700470602176, "fvf": 0.2830907465806586, "frac": 0.6699976674148741, "movement": 0.3, "snr": 18.729999542236328}}, "101001T2_DTI": {"cst_left": {"stream_count": 1983, "FA_DTI": 0.5116124858861564, "AD_DTI": 0.0012885883195654026, "MD_DTI": 0.0007933239376930037, "RD_DTI": 0.0005456917480862217, "frac_dmd": 0.4870982678315248, "FA": 0.7292237243917697, "MD": 0.0008164380946984687, "RD": 0.00036723347470882163, "AD": 0.001714847334677763, "fvf": 0.3402295589278226, "frac": 0.6921304685205807, "movement": 0.23, "snr": 26.959999084472656}, "cst_right": {"stream_count": 1987, "FA_DTI": 0.4383893111239897, "AD_DTI": 0.0013767800056839947, "MD_DTI": 0.0009146510232385708, "RD_DTI": 0.0006835865315946122, "frac_dmd": 0.46741848800548863, "FA": 0.6747660972713267, "MD": 0.0009067345152137101, "RD": 0.00045580974184980684, "AD": 0.001808584061941516, "fvf": 0.2921797687694163, "frac": 0.6539522280564126, "movement": 0.23, "snr": 26.959999084472656}}, "100801T1_DTI": {}, "100301T1_DTI": {"cst_left": {"stream_count": 1976, "FA_DTI": 0.45141193428857757, "AD_DTI": 0.001248080883916709, "MD_DTI": 0.0008098583278583923, "RD_DTI": 0.000590747049902802, "frac_dmd": 0.8284510389406775, "FA": 0.5635300134791865, "MD": 0.0009398762608834784, "RD": 0.0005805057353497112, "AD": 0.0016586173119510113, "fvf": 0.30843615234251653, "frac": 0.6464327897285647, "movement": 0.24, "snr": 16.760000228881836}, "cst_right": {"stream_count": 1984, "FA_DTI": 0.3381233500372715, "AD_DTI": 0.0014849750107463393, "MD_DTI": 0.001079119312955125, "RD_DTI": 0.0008761914605465911, "frac_dmd": 0.8154650718560513, "FA": 0.4365242562932699, "MD": 0.0010527969369115956, "RD": 0.000758354023395291, "AD": 0.0016416827639442052, "fvf": 0.23195436605536893, "frac": 0.5760914408036619, "movement": 0.24, "snr": 16.760000228881836}}, "100801T0_DTI": {"cst_left": {"stream_count": 1978, "FA_DTI": 0.4480187716993176, "AD_DTI": 0.001250897911673406, "MD_DTI": 0.0008133575406062771, "RD_DTI": 0.0005945873537884284, "frac_dmd": 0.5157373283267856, "FA": 0.67777451779907, "MD": 0.0008723360480034883, "RD": 0.00043621927444948636, "AD": 0.0017445695951114916, "fvf": 0.31152992354105724, "frac": 0.6255733336912798, "movement": 0.18, "snr": 26.829999923706055}, "cst_right": {"stream_count": 1961, "FA_DTI": 0.4617992243053732, "AD_DTI": 0.0012526230815793054, "MD_DTI": 0.0008093073754408781, "RD_DTI": 0.0005876495228028457, "frac_dmd": 0.5037869765190632, "FA": 0.6964927113530248, "MD": 0.000851887122870575, "RD": 0.00041258933871137057, "AD": 0.0017304826911889839, "fvf": 0.3337153797949665, "frac": 0.6281836456951897, "movement": 0.18, "snr": 26.829999923706055}}, "100301T3_DTI": {"cst_left": {"stream_count": 1975, "FA_DTI": 0.46174459265946977, "AD_DTI": 0.0012493428317027285, "MD_DTI": 0.0008021427770381946, "RD_DTI": 0.0005785427495507582, "frac_dmd": 0.8546258382977621, "FA": 0.5623894762483274, "MD": 0.000917371639926522, "RD": 0.000567020240510428, "AD": 0.0016180744387587105, "fvf": 0.32134244552960783, "frac": 0.6588400422162154, "movement": 0.3, "snr": 17.809999465942383}, "cst_right": {"stream_count": 1999, "FA_DTI": 0.33351998592207094, "AD_DTI": 0.0015109131469141098, "MD_DTI": 0.0011070400848943926, "RD_DTI": 0.000905103554149949, "frac_dmd": 0.8334862472289007, "FA": 0.4348961550003702, "MD": 0.0010812875771752017, "RD": 0.0007799988239527287, "AD": 0.0016838650836201482, "fvf": 0.24404682105233047, "frac": 0.5946399565237818, "movement": 0.3, "snr": 17.809999465942383}}, "100801T2_DTI": {}}